attack,n,detection_rate,ci_lo,ci_hi,n_repeats,p0,alpha
Channel (p=0.20),16,0.4,0.21880396741419272,0.613422057684794,20,0.02,0.05
Channel (p=0.20),32,0.85,0.6395767041130426,0.9476322080405041,20,0.02,0.05
Channel (p=0.20),64,0.9,0.6989617935882066,0.9721341060158468,20,0.02,0.05
Channel (p=0.20),128,1.0,0.8388698745050667,1.0,20,0.02,0.05
Channel (p=0.20),256,1.0,0.8388698745050667,1.0,20,0.02,0.05
Forgery,16,1.0,0.8388698745050667,1.0,20,0.02,0.05
Forgery,32,1.0,0.8388698745050667,1.0,20,0.02,0.05
Forgery,64,1.0,0.8388698745050667,1.0,20,0.02,0.05
Forgery,128,1.0,0.8388698745050667,1.0,20,0.02,0.05
Forgery,256,1.0,0.8388698745050667,1.0,20,0.02,0.05
Impersonation,16,1.0,0.8388698745050667,1.0,20,0.02,0.05
Impersonation,32,1.0,0.8388698745050667,1.0,20,0.02,0.05
Impersonation,64,1.0,0.8388698745050667,1.0,20,0.02,0.05
Impersonation,128,1.0,0.8388698745050667,1.0,20,0.02,0.05
Impersonation,256,1.0,0.8388698745050667,1.0,20,0.02,0.05
Interception,16,0.9,0.6989617935882066,0.9721341060158468,20,0.02,0.05
Interception,32,1.0,0.8388698745050667,1.0,20,0.02,0.05
Interception,64,1.0,0.8388698745050667,1.0,20,0.02,0.05
Interception,128,1.0,0.8388698745050667,1.0,20,0.02,0.05
Interception,256,1.0,0.8388698745050667,1.0,20,0.02,0.05
