p_attack,detection_rate,ci_lo,ci_hi,n_repeats,n_qubits,p0,alpha
0.0,0.0,0.0,0.07135003417431873,50,64,0.02,0.05
0.025,0.06,0.02061459636463049,0.16217343370877002,50,64,0.02,0.05
0.05,0.2,0.11243629945973886,0.3303737210448524,50,64,0.02,0.05
0.075,0.5,0.36644286412332855,0.6335571358766714,50,64,0.02,0.05
0.1,0.64,0.5014076201030195,0.7586143703281711,50,64,0.02,0.05
0.125,0.64,0.5014076201030195,0.7586143703281711,50,64,0.02,0.05
0.15,0.82,0.6920368054529739,0.902299172675462,50,64,0.02,0.05
0.175,0.92,0.8116149745493629,0.9684509967442093,50,64,0.02,0.05
0.2,0.96,0.8653966212204534,0.9889613473391734,50,64,0.02,0.05
0.225,1.0,0.9286499658256813,1.0,50,64,0.02,0.05
0.25,1.0,0.9286499658256813,1.0,50,64,0.02,0.05
0.275,1.0,0.9286499658256813,1.0,50,64,0.02,0.05
0.3,1.0,0.9286499658256813,1.0,50,64,0.02,0.05
0.325,1.0,0.9286499658256813,1.0,50,64,0.02,0.05
0.35,1.0,0.9286499658256813,1.0,50,64,0.02,0.05
0.375,1.0,0.9286499658256813,1.0,50,64,0.02,0.05
0.4,1.0,0.9286499658256813,1.0,50,64,0.02,0.05
0.425,1.0,0.9286499658256813,1.0,50,64,0.02,0.05
0.45,1.0,0.9286499658256813,1.0,50,64,0.02,0.05
0.475,1.0,0.9286499658256813,1.0,50,64,0.02,0.05
0.5,1.0,0.9286499658256813,1.0,50,64,0.02,0.05
