p_noise,mean_observed_error_rate,std_observed_error_rate,n_repeats,n_qubits
0.0,0.0,0.0,20,64
0.01,0.0078125,0.011587810136086974,20,64
0.02,0.0140625,0.013887803777055608,20,64
0.03,0.0203125,0.018553659510996745,20,64
0.04,0.02578125,0.019933360659645426,20,64
0.05,0.0328125,0.022041774968227942,20,64
0.06,0.03203125,0.027720617186265895,20,64
0.07,0.04375,0.027332587007087347,20,64
0.08,0.06328125,0.022357950033209666,20,64
0.09,0.06953125,0.03905468671859372,20,64
0.1,0.05703125,0.03250413134799175,20,64
0.11,0.08359375,0.03174414008423444,20,64
0.12,0.07578125,0.0267342791129198,20,64
0.13,0.096875,0.0240035804620894,20,64
0.14,0.09453125,0.035450160326682585,20,64
0.15,0.109375,0.04608712876172695,20,64
