p_noise,false_positive_rate,ci_lo,ci_hi,n_repeats,n_qubits,alpha
0.0,0.0,0.0,0.16113012549493322,20,64,0.05
0.01,0.05,0.008881219432873136,0.23613589351256675,20,64,0.05
0.02,0.0,0.0,0.16113012549493322,20,64,0.05
0.03,0.0,0.0,0.16113012549493322,20,64,0.05
0.04,0.0,0.0,0.16113012549493322,20,64,0.05
0.05,0.0,0.0,0.16113012549493322,20,64,0.05
0.06,0.0,0.0,0.16113012549493322,20,64,0.05
0.07,0.0,0.0,0.16113012549493322,20,64,0.05
0.08,0.0,0.0,0.16113012549493322,20,64,0.05
0.09,0.0,0.0,0.16113012549493322,20,64,0.05
0.1,0.05,0.008881219432873136,0.23613589351256675,20,64,0.05
0.11,0.0,0.0,0.16113012549493322,20,64,0.05
0.12,0.0,0.0,0.16113012549493322,20,64,0.05
0.13,0.0,0.0,0.16113012549493322,20,64,0.05
0.14,0.0,0.0,0.16113012549493322,20,64,0.05
0.15,0.0,0.0,0.16113012549493322,20,64,0.05
